Humedad 1,Temperatura 1,Presion 1,Humedad 2,Temperatura 2,Presion 2
42,23,100144,57,23,100331
42,23,100145,57,23,100326
43,23,100147,57,23,100332
42,23,100147,57,23,100336
43,23,100148,57,23,100337
43,23,100154,57,23,100332
43,23,100150,58,23,100337
43,23,100149,57,23,100337
43,23,100151,57,23,100341
43,23,100156,57,23,100337
43,23,100154,57,23,100337
43,23,100162,57,23,100340
43,23,100156,57,23,100348
43,23,100150,56,23,100346
43,23,100154,57,23,100335
44,23,100152,57,23,100334
44,23,100165,57,23,100337
43,23,100164,57,23,100334
44,23,100164,56,23,100348
43,23,100170,57,23,100336
43,23,100161,57,23,100341
43,23,100159,57,23,100343
43,23,100161,57,23,100348
43,23,100161,57,23,100341
44,23,100168,57,23,100343
43,23,100171,57,23,100344
43,23,100173,57,23,100344
43,23,100168,57,23,100349
44,23,100164,57,23,100347
43,23,100158,57,23,100348
43,23,100179,57,23,100350
43,23,100175,57,23,100359
44,23,100172,56,23,100352
44,23,100169,57,23,100355
44,23,100178,57,23,100356
43,23,100175,57,23,100354
43,23,100177,56,23,100357
43,23,100167,57,23,100354
43,23,100177,56,23,100358
43,23,100186,57,23,100360
44,23,100178,56,23,100363
44,23,100179,56,23,100357
43,23,100180,56,23,100362
43,23,100178,57,23,100357
44,23,100169,56,23,100362
43,23,100178,57,23,100353
43,23,100176,57,23,100362
43,23,100179,57,23,100367
43,23,100184,56,23,100362
43,23,100188,56,23,100363
43,23,100191,57,23,100374
43,23,100196,57,23,100375
43,23,100191,56,23,100369
43,23,100200,57,23,100383
43,23,100193,57,23,100382
43,23,100203,56,23,100381
43,23,100200,57,23,100384
43,23,100199,57,23,100378
43,23,100203,57,23,100379
43,23,100206,56,23,100381
43,23,100207,56,23,100385
43,23,100200,57,23,100378
43,23,100205,57,23,100382
43,23,100209,57,23,100378
43,23,100214,57,23,100387
43,23,100213,56,23,100387
43,23,100213,56,23,100392
43,23,100218,57,23,100396
43,23,100217,56,23,100402
43,23,100216,57,23,100405
43,23,100231,57,23,100398
42,23,100225,57,23,100398
43,23,100218,56,23,100399
43,23,100222,57,23,100403
42,23,100231,56,23,100403
43,23,100231,57,23,100410
43,23,100229,57,23,100414
43,23,100231,57,23,100411
43,23,100233,56,23,100407
43,23,100233,56,23,100403
43,23,100233,57,23,100413
43,23,100236,57,22,100410
43,23,100238,57,22,100414
43,23,100234,56,22,100411
43,23,100224,56,22,100413
42,23,100230,56,22,100416
43,23,100238,57,22,100417
43,23,100233,56,22,100411
43,23,100244,57,22,100417
43,23,100238,56,22,100417
42,23,100237,57,22,100419
42,23,100241,56,22,100421
42,23,100235,57,22,100420
43,23,100237,56,22,100421
42,23,100234,56,22,100422
42,23,100242,56,22,100415
42,23,100239,56,22,100413
42,23,100241,56,22,100417
42,23,100237,57,22,100416
42,23,100241,57,22,100416
43,23,100241,57,22,100420
43,23,100247,57,22,100417
43,23,100247,56,22,100421
43,23,100245,56,22,100426
42,23,100242,56,22,100425
42,23,100258,56,22,100430
43,23,100253,56,22,100433
42,23,100248,56,22,100426
42,23,100252,56,22,100430
42,23,100257,57,22,100440
42,23,100248,56,22,100437
42,23,100258,56,22,100439
42,23,100250,57,22,100441
42,23,100254,56,22,100444
42,23,100257,56,22,100437
42,23,100258,57,22,100442
42,23,100255,57,22,100438
42,23,100257,56,22,100437
42,23,100257,56,22,100437
42,23,100260,57,22,100447
42,23,100261,57,22,100442
42,23,100265,57,22,100442
42,23,100265,56,22,100444
42,23,100264,56,22,100446
42,23,100258,57,22,100439
42,23,100260,56,22,100432
42,23,100262,56,22,100442
42,23,100270,56,22,100442
42,23,100258,56,22,100442
42,23,100272,57,22,100452
42,23,100265,56,22,100442
42,23,100271,56,22,100452
42,23,100270,56,22,100444
42,23,100270,56,22,100454
42,23,100281,56,22,100462
42,22,100274,56,22,100449
42,23,100279,56,22,100460
42,23,100285,56,22,100462
42,22,100288,56,22,100462
41,22,100286,56,22,100470
42,22,100280,57,22,100461
42,22,100285,57,22,100462
42,22,100287,55,22,100461
42,22,100285,56,22,100469
42,22,100289,56,22,100466
42,22,100290,56,22,100477
42,22,100288,56,22,100471
42,22,100287,56,22,100463
42,22,100291,56,22,100467
42,22,100291,56,22,100476
41,22,100289,56,22,100475
42,22,100298,56,22,100480
41,22,100308,56,22,100480
42,22,100305,56,22,100481
42,22,100302,56,22,100484
42,22,100302,56,22,100486
42,22,100300,55,22,100477
42,22,100297,56,22,100487
42,22,100302,56,22,100486
42,22,100296,56,22,100482
42,22,100295,55,22,100485
42,22,100311,56,22,100487
42,22,100301,56,22,100490
42,22,100310,56,22,100484
41,22,100306,56,22,100486
42,22,100302,56,22,100487
42,22,100312,56,22,100490
42,22,100317,56,22,100491
42,22,100318,56,22,100497
42,22,100319,56,22,100504
42,22,100319,56,22,100500
42,22,100330,55,22,100497
42,22,100326,55,22,100507
41,22,100331,55,22,100512
41,22,100325,56,22,100510
42,22,100331,56,22,100501
42,22,100333,55,22,100514
42,22,100333,56,22,100518
41,22,100336,56,22,100517
42,22,100332,56,22,100507
42,22,100340,56,22,100517
42,22,100324,56,22,100507
42,22,100337,56,22,100507
42,22,100337,56,22,100517
42,22,100340,56,22,100519
42,22,100335,56,22,100523
42,22,100344,56,22,100518
41,22,100352,56,22,100524
41,22,100350,56,22,100514
42,22,100340,56,22,100530
43,22,100341,56,22,100523
42,22,100336,56,22,100520
42,22,100337,56,22,100513
42,22,100342,55,22,100521
42,22,100334,55,22,100523
42,22,100350,56,22,100530
42,22,100339,55,22,100519
42,22,100341,56,22,100526
42,22,100356,56,22,100523
42,22,100352,55,22,100519
42,22,100354,56,22,100528
42,22,100352,56,22,100524
42,22,100362,56,22,100532
41,22,100354,55,22,100535
42,22,100355,56,22,100537
42,22,100357,56,22,100533
42,22,100361,56,22,100532
42,22,100370,55,22,100540
42,22,100365,56,22,100539
42,22,100368,55,22,100552
42,22,100369,55,22,100539
42,22,100372,55,22,100542
41,22,100373,55,22,100552
42,22,100376,56,22,100551
41,22,100376,56,22,100555
42,22,100380,56,22,100561
41,22,100391,55,22,100565
42,22,100394,56,22,100556
42,22,100393,56,22,100564
42,22,100386,56,22,100560
42,22,100394,56,22,100561
42,22,100395,55,22,100574
42,22,100394,56,22,100572
42,22,100394,56,22,100581
42,22,100399,55,22,100580
42,22,100409,55,22,100587
42,22,100398,56,22,100594
42,22,100400,56,22,100579
42,22,100411,56,22,100579
42,22,100413,56,22,100590
42,22,100417,56,22,100591
42,22,100424,55,22,100602
42,22,100423,55,22,100605
42,22,100424,55,22,100599
42,22,100423,55,22,100611
42,22,100431,55,22,100612
42,22,100426,55,22,100610
42,22,100436,55,22,100611
42,22,100426,56,22,100619
42,22,100436,56,22,100606
42,22,100433,55,22,100612
42,22,100421,55,22,100599
42,22,100427,55,22,100595
42,22,100417,56,22,100598
42,22,100426,56,22,100603
43,22,100422,55,22,100591
42,22,100415,55,22,100591
42,22,100426,55,22,100602
42,22,100425,56,22,100607
42,22,100431,55,22,100594
42,22,100425,56,22,100593
42,22,100419,55,22,100593
42,22,100433,56,22,100602
42,22,100428,56,22,100608
42,22,100422,56,22,100600
42,22,100429,55,22,100600
42,22,100438,55,22,100603
42,22,100431,55,22,100610
42,22,100425,55,22,100603
42,22,100428,55,22,100602
42,22,100437,56,22,100611
42,22,100435,55,22,100613
42,22,100435,56,22,100610
42,22,100441,55,22,100607
42,22,100430,55,22,100610
42,22,100434,55,22,100606
42,22,100432,55,22,100607
42,22,100438,55,22,100603
42,22,100423,56,22,100608
42,22,100428,56,22,100603
42,22,100428,55,22,100612
42,22,100435,55,22,100608
42,22,100424,55,22,100610
42,22,100424,55,22,100612
42,22,100429,55,22,100610
42,22,100429,56,22,100606
42,22,100430,55,22,100618
42,22,100432,56,22,100606
42,22,100432,56,22,100619
42,22,100430,56,22,100615
42,22,100439,56,22,100614
42,22,100425,55,22,100605
42,22,100430,55,22,100606
42,22,100429,55,22,100597
42,22,100425,55,22,100604
42,22,100433,55,22,100613
42,22,100431,55,22,100600
42,22,100428,55,22,100597
42,22,100424,55,22,100606
42,22,100409,56,22,100596
42,22,100409,55,22,100589
42,22,100410,55,21,100590
42,22,100409,55,21,100596
42,22,100400,55,21,100591
42,22,100403,55,21,100571
42,22,100405,56,21,100569
42,22,100392,55,21,100565
42,22,100393,55,21,100572
42,22,100394,55,21,100564
42,22,100391,55,21,100565
42,22,100398,55,21,100569
42,22,100395,55,21,100565
42,22,100397,56,21,100576
42,22,100389,55,21,100567
43,22,100401,56,21,100575
42,22,100394,55,21,100580
42,22,100396,55,21,100570
42,22,100391,55,21,100572
42,22,100390,55,21,100569
42,22,100399,55,21,100566
42,22,100392,55,21,100571
42,22,100399,55,21,100567
42,22,100383,55,21,100560
42,22,100393,55,21,100567
42,22,100400,55,21,100571
42,22,100399,56,21,100573
42,22,100397,55,21,100572
42,22,100399,55,21,100575
42,22,100402,56,21,100576
42,22,100394,55,21,100561
42,22,100396,55,21,100577
42,22,100401,55,21,100574
42,22,100391,55,21,100576
42,22,100406,55,21,100568
42,22,100401,55,21,100571
42,22,100402,55,21,100577
42,22,100401,55,21,100582
42,22,100411,55,21,100582
42,22,100402,55,21,100578
42,21,100413,55,21,100580
42,21,100404,56,21,100586
42,21,100404,56,21,100582
42,21,100400,55,21,100583
42,21,100408,55,21,100573
42,21,100408,55,21,100588
42,21,100409,55,21,100574
42,21,100407,55,21,100582
42,21,100400,55,21,100577
42,21,100401,55,21,100570
42,21,100404,55,21,100572
42,21,100398,55,21,100568
42,21,100398,55,21,100568
42,21,100402,55,21,100572
42,21,100401,55,21,100581
42,21,100407,56,21,100586
42,21,100406,55,21,100595
42,21,100406,55,21,100588
42,21,100412,55,21,100587
42,21,100416,55,21,100587
42,21,100413,55,21,100582
42,21,100401,55,21,100583
42,21,100412,56,21,100572
42,21,100404,55,21,100579
42,21,100408,55,21,100582
42,21,100415,55,21,100589
42,21,100417,55,21,100573
42,21,100411,55,21,100593
42,21,100410,55,21,100588
41,21,100407,55,21,100583
42,21,100417,55,21,100588
42,21,100409,55,21,100586
42,21,100409,55,21,100597
42,21,100406,55,21,100590
42,21,100406,55,21,100589
42,21,100414,55,21,100590
42,21,100412,54,21,100588
42,21,100418,55,21,100590
42,21,100421,55,21,100602
42,21,100422,55,21,100604
42,21,100425,55,21,100604
42,21,100434,55,21,100606
43,21,100428,55,21,100607
42,21,100431,55,21,100615
42,21,100443,55,21,100614
42,21,100442,55,21,100612
42,21,100435,55,21,100606
42,21,100435,55,21,100608
42,21,100432,55,21,100606
42,21,100433,56,21,100598
42,21,100430,55,21,100603
42,21,100435,55,21,100608
42,21,100429,55,21,100604
42,21,100433,55,21,100609
42,21,100433,55,21,100604
42,21,100437,55,21,100605
42,21,100428,55,21,100598
42,21,100430,55,21,100603
42,21,100431,54,21,100607
41,21,100427,55,21,100606
42,21,100430,55,21,100612
42,21,100435,55,21,100599
42,21,100434,55,21,100609
42,21,100437,55,21,100612
42,21,100437,55,21,100613
42,21,100439,55,21,100625
42,21,100452,55,21,100619
42,21,100441,55,21,100619
43,21,100441,55,21,100619
42,21,100443,55,21,100616
42,21,100449,55,21,100609
42,21,100441,54,21,100623
42,21,100452,55,21,100615
42,21,100447,55,21,100612
42,21,100442,55,21,100612
42,21,100442,55,21,100615
42,21,100439,54,21,100613
42,21,100431,55,21,100609
42,21,100436,55,21,100612
42,21,100433,55,21,100605
42,21,100433,54,21,100604
42,21,100435,55,21,100607
42,21,100435,55,21,100612
42,21,100427,55,21,100611
42,21,100424,55,21,100612
42,21,100432,55,21,100608
42,21,100425,55,21,100605
42,21,100419,55,21,100605
42,21,100427,55,21,100604
42,21,100423,55,21,100598
42,21,100426,54,21,100596
42,21,100422,55,21,100603
42,21,100419,55,21,100602
42,21,100430,55,21,100611
41,21,100424,54,21,100613
42,21,100430,55,21,100596
42,21,100426,54,21,100600
42,21,100433,55,21,100610
42,21,100435,55,21,100604
42,21,100427,55,21,100606
42,21,100421,55,21,100599
42,21,100420,54,21,100600
41,21,100420,55,21,100591
42,21,100418,54,21,100601
42,21,100423,55,21,100597
42,21,100422,55,21,100605
42,21,100424,54,21,100596
41,21,100418,54,21,100594
43,21,100416,54,21,100597
42,21,100419,54,21,100595
42,21,100424,54,21,100600
42,21,100430,55,21,100594
42,21,100424,55,21,100595
42,21,100427,55,21,100596
42,21,100425,54,21,100606
42,21,100436,55,21,100605
42,21,100428,54,21,100612
42,21,100439,55,21,100614
41,21,100437,55,21,100618
42,21,100427,55,21,100605
42,21,100432,55,21,100606
42,21,100432,55,21,100603
42,21,100431,55,21,100613
42,21,100431,55,21,100607
42,21,100428,55,21,100597
41,21,100437,55,21,100601
42,21,100434,55,21,100606
42,21,100436,55,21,100609
42,21,100442,55,21,100608
42,21,100433,55,21,100612
41,21,100432,55,21,100606
42,21,100432,54,21,100605
42,21,100430,54,21,100608
42,21,100428,55,21,100604
43,21,100435,54,21,100604
43,21,100430,55,21,100602
42,21,100429,55,21,100600
42,21,100431,54,21,100599
41,21,100431,55,21,100598
41,21,100430,55,21,100605
42,21,100440,55,21,100605
42,21,100432,55,21,100600
42,21,100433,54,21,100609
42,21,100430,54,21,100605
42,21,100428,54,21,100605
42,21,100428,54,21,100603
42,21,100430,55,21,100606
42,21,100433,54,21,100604
41,21,100423,55,21,100599
42,21,100424,55,21,100596
42,21,100420,54,21,100598
41,21,100419,55,21,100602
42,21,100423,55,21,100606
42,21,100425,55,21,100610
42,21,100429,54,21,100603
41,21,100433,55,21,100606
42,21,100428,54,21,100603
42,21,100429,55,21,100612
42,21,100436,55,21,100610
42,21,100438,55,21,100609
42,21,100432,55,21,100601
42,21,100432,54,21,100602
42,21,100430,55,21,100607
42,21,100424,55,21,100608
42,21,100423,55,21,100608
42,21,100431,54,21,100611
42,21,100442,54,21,100609
42,21,100432,55,21,100610
42,21,100440,55,21,100611
42,21,100442,55,21,100616
42,21,100440,55,21,100612
42,21,100435,55,21,100615
42,21,100441,54,21,100619
42,21,100435,55,21,100608
42,21,100436,55,21,100612
42,21,100432,55,21,100616
42,21,100441,54,21,100615
42,21,100444,55,21,100614
41,21,100444,54,21,100619
41,21,100441,55,21,100623
42,21,100451,54,21,100625
42,21,100446,54,21,100623
42,21,100446,54,21,100624
42,21,100447,55,21,100620
42,21,100447,55,21,100621
42,21,100442,55,21,100616
42,21,100431,55,21,100618
42,21,100440,54,21,100604
42,21,100431,54,21,100609
42,21,100432,55,21,100607
42,21,100423,55,21,100608
42,21,100437,54,21,100617
42,21,100435,55,21,100612
42,21,100438,54,21,100608
41,21,100430,54,21,100610
42,21,100418,55,21,100604
42,21,100431,54,21,100609
42,21,100429,54,21,100610
42,21,100426,55,21,100605
42,21,100434,54,20,100614
42,21,100428,54,20,100616
42,21,100424,55,20,100606
42,21,100424,55,20,100602
42,21,100420,54,20,100604
42,21,100424,54,20,100608
41,21,100432,55,20,100604
42,21,100425,54,20,100600
42,21,100427,54,20,100602
42,21,100432,55,20,100605
42,21,100423,55,20,100598
42,21,100426,55,20,100599
42,21,100413,55,20,100593
42,21,100423,55,20,100593
42,21,100420,54,20,100597
42,21,100422,54,20,100605
42,21,100418,54,20,100600
41,21,100430,55,20,100605
42,21,100430,55,20,100610
41,21,100431,55,20,100603
42,21,100432,55,20,100606
42,21,100440,54,20,100615
42,21,100437,55,20,100611
42,21,100427,55,20,100601
42,21,100423,55,20,100600
42,21,100425,54,20,100603
42,21,100427,55,20,100604
42,21,100429,54,20,100600
42,21,100425,55,20,100610
41,21,100425,54,20,100604
42,21,100417,54,20,100609
42,21,100424,54,20,100602
42,21,100422,54,20,100609
42,21,100425,54,20,100611
42,21,100431,55,20,100614
42,21,100429,55,20,100610
42,21,100427,54,20,100615
42,21,100426,55,20,100614
42,21,100422,55,20,100612
42,21,100429,54,20,100609
42,21,100436,54,20,100620
42,21,100434,54,20,100612
42,21,100431,55,20,100613
42,21,100429,55,20,100607
42,21,100419,54,20,100607
42,21,100433,54,20,100605
42,21,100435,55,20,100612
42,21,100439,55,20,100616
42,21,100441,54,20,100615
42,21,100431,55,20,100614
42,21,100434,55,20,100620
42,21,100443,54,20,100624
42,21,100446,54,20,100623
42,21,100439,55,20,100618
42,21,100434,55,20,100623
42,21,100442,55,20,100622
42,21,100436,55,20,100617
42,21,100449,54,20,100618
42,21,100438,55,20,100619
42,21,100433,55,20,100613
42,21,100437,54,20,100613
42,21,100428,54,20,100609
42,21,100436,55,20,100616
42,21,100440,54,20,100626
42,21,100440,55,20,100623
42,21,100441,55,20,100622
42,21,100447,54,20,100626
42,21,100442,54,20,100627
42,21,100441,55,20,100631
42,21,100447,55,20,100620
42,21,100446,55,20,100625
42,21,100441,54,20,100622
42,21,100438,54,20,100619
42,21,100449,54,20,100620
42,21,100447,54,20,100616
43,20,100449,55,20,100618
42,21,100452,54,20,100626
42,21,100453,54,20,100629
43,21,100448,54,20,100625
42,21,100451,55,20,100630
42,21,100454,54,20,100639
42,21,100458,55,20,100631
43,21,100459,54,20,100638
42,21,100450,54,20,100626
42,21,100455,54,20,100645
42,21,100459,55,20,100632
42,21,100461,55,20,100639
42,21,100468,55,20,100641
43,21,100462,55,20,100639
42,21,100466,54,20,100643
42,21,100465,54,20,100639
42,21,100464,54,20,100642
43,21,100463,55,20,100642
42,21,100462,55,20,100639
42,21,100469,55,20,100646
43,21,100466,54,20,100640
42,21,100470,54,20,100646
42,21,100463,55,20,100638
43,21,100466,55,20,100642
42,21,100466,55,20,100648
43,21,100474,55,20,100646
42,21,100466,54,20,100650
42,21,100471,54,20,100653
42,21,100468,54,20,100647
42,21,100464,55,20,100644
42,21,100459,55,20,100640
42,21,100461,54,20,100638
42,21,100460,55,20,100641
43,21,100464,55,20,100641
42,21,100457,54,20,100642
42,21,100466,54,20,100644
42,21,100455,54,20,100643
42,21,100457,54,20,100634
42,21,100462,54,20,100638
42,20,100458,54,20,100630
42,21,100455,54,20,100635
42,21,100462,54,20,100634
42,20,100458,55,20,100632
42,20,100453,54,20,100629
42,20,100459,55,20,100633
42,21,100458,55,20,100632
42,20,100457,54,20,100632
42,20,100455,55,20,100634
42,21,100450,54,20,100634
42,20,100458,55,20,100642
42,20,100457,54,20,100638
43,21,100462,55,20,100636
42,20,100465,55,20,100636
43,20,100454,54,20,100639
43,20,100469,54,20,100651
43,20,100473,54,20,100643
43,20,100476,54,20,100645
42,21,100472,54,20,100645
42,20,100475,54,20,100644
42,20,100468,54,20,100646
42,20,100465,54,20,100648
43,20,100468,54,20,100639
42,20,100478,55,20,100639
43,20,100472,55,20,100637
42,20,100477,55,20,100649
42,20,100480,54,20,100650
42,20,100487,55,20,100660
42,20,100473,54,20,100651
42,20,100472,54,20,100652
43,20,100480,54,20,100653
42,20,100478,55,20,100652
42,20,100481,54,20,100654
42,20,100482,55,20,100654
42,20,100484,54,20,100651
42,20,100480,54,20,100655
42,20,100480,55,20,100654
43,21,100479,54,20,100654
42,20,100477,54,20,100657
42,20,100478,54,20,100653
42,20,100484,54,20,100660
42,20,100481,55,20,100655
42,20,100483,55,20,100655
42,20,100484,54,20,100663
42,20,100479,55,20,100653
42,20,100477,54,20,100659
42,20,100482,55,20,100654
42,20,100475,54,20,100657
43,20,100481,54,20,100661
42,20,100483,54,20,100668
43,20,100480,55,20,100653
43,20,100487,54,20,100658
43,20,100491,54,20,100655
42,20,100491,54,20,100669
42,20,100491,54,20,100671
43,20,100499,54,20,100664
42,20,100487,54,20,100665
43,20,100475,54,20,100656
43,20,100489,54,20,100661
42,20,100482,54,20,100655
42,20,100481,54,20,100660
43,20,100487,54,20,100664
43,20,100484,54,20,100662
42,20,100486,54,20,100669
43,20,100498,54,20,100673
42,20,100495,55,20,100669
42,20,100491,54,20,100671
43,20,100489,54,20,100674
42,20,100494,54,20,100669
42,20,100495,55,20,100670
43,20,100493,55,20,100673
43,20,100492,54,20,100672
42,20,100486,55,20,100670
43,20,100492,54,20,100673
42,20,100488,54,20,100670
42,20,100488,55,20,100674
42,20,100491,55,20,100674
42,20,100485,55,20,100669
42,20,100493,55,20,100667
42,20,100489,55,20,100673
42,20,100490,55,20,100677
42,20,100501,55,20,100675
42,20,100496,54,20,100678
42,20,100494,54,20,100670
42,20,100493,54,20,100678
42,20,100497,54,20,100674
42,20,100496,54,20,100675
42,20,100495,54,20,100681
42,20,100501,54,20,100677
42,20,100500,55,20,100668
42,20,100489,54,20,100674
42,20,100496,54,20,100679
42,20,100494,55,20,100672
43,20,100497,54,20,100679
42,20,100498,54,20,100673
42,20,100498,54,20,100676
42,20,100497,55,20,100676
42,20,100507,55,20,100675
42,20,100504,54,20,100678
43,20,100510,54,20,100686
42,20,100497,55,20,100682
43,20,100502,54,20,100683
42,20,100515,54,20,100683
42,20,100505,55,20,100688
42,20,100513,54,20,100684
42,20,100517,54,20,100687
42,20,100518,54,20,100689
42,20,100512,54,20,100695
42,20,100511,55,20,100692
43,20,100512,54,20,100699
42,20,100513,55,20,100694
42,20,100511,54,20,100693
42,20,100517,55,20,100704
42,20,100520,54,20,100699
42,20,100516,55,20,100703
42,20,100518,54,20,100703
43,20,100522,54,20,100701
42,20,100532,54,20,100701
42,20,100521,54,20,100708
42,20,100531,54,20,100700
43,20,100536,54,20,100713
43,20,100531,54,20,100704
42,20,100521,54,20,100708
42,20,100535,54,20,100720
42,20,100534,54,20,100720
42,20,100546,54,20,100727
42,20,100539,54,20,100726
42,20,100549,55,20,100730
42,20,100548,54,20,100724
43,20,100542,55,20,100733
42,20,100553,54,20,100721
42,20,100547,55,20,100726
42,20,100550,54,20,100730
42,20,100560,54,20,100737
43,20,100559,54,20,100742
42,20,100559,54,20,100746
42,20,100568,54,20,100740
42,20,100564,55,20,100742
42,20,100550,54,20,100733
42,20,100560,55,20,100743
43,20,100550,54,20,100738
42,20,100567,54,20,100747
42,20,100569,54,20,100746
42,20,100567,54,20,100745
43,20,100573,54,20,100745
42,20,100574,55,20,100749
42,20,100566,54,20,100755
42,20,100564,55,20,100742
42,20,100565,54,20,100743
42,20,100562,55,20,100740
42,20,100566,54,20,100730
42,20,100557,54,20,100731
43,20,100562,54,20,100741
42,20,100564,55,20,100737
42,20,100570,54,20,100742
42,20,100565,54,20,100746
42,20,100571,54,20,100754
42,20,100576,54,20,100751
42,20,100572,54,20,100741
42,20,100578,54,20,100758
43,20,100583,54,20,100763
42,20,100581,54,20,100748
42,20,100580,54,20,100758
42,20,100581,54,20,100759
43,20,100583,55,20,100754
42,20,100588,55,20,100759
42,20,100595,55,20,100772
42,20,100587,54,20,100769
42,21,100592,55,20,100765
42,20,100591,54,20,100763
42,20,100582,54,20,100764
42,21,100593,55,20,100771
42,20,100592,54,20,100770
43,20,100598,54,20,100771
42,21,100592,54,20,100778
42,21,100600,54,20,100772
42,21,100597,54,20,100778
42,21,100597,54,20,100773
43,21,100597,54,20,100772
43,21,100587,54,20,100765
42,21,100597,54,20,100767
42,21,100594,54,20,100772
42,21,100594,54,20,100768
42,21,100597,54,20,100780
42,21,100592,54,20,100768
42,21,100589,55,21,100779
42,21,100599,54,21,100777
42,21,100598,54,21,100774
42,21,100604,54,21,100782
42,21,100598,54,21,100782
42,21,100608,54,21,100770
42,21,100607,54,21,100778
42,21,100603,54,21,100774
42,21,100606,54,21,100771
42,21,100603,55,21,100773
42,21,100598,54,21,100773
42,21,100594,54,21,100773
42,21,100607,54,21,100779
42,21,100608,54,21,100778
42,21,100609,54,21,100786
42,21,100609,54,21,100784
42,21,100617,54,21,100790
42,21,100617,55,21,100791
42,21,100616,54,21,100781
42,21,100609,54,21,100784
42,21,100610,55,21,100788
42,21,100615,54,21,100790
42,21,100611,54,21,100783
42,21,100610,54,21,100783
42,21,100612,55,21,100783
42,21,100617,54,21,100782
42,21,100613,54,21,100783
42,21,100605,54,21,100788
42,21,100606,54,21,100782
42,21,100607,54,21,100785
42,21,100605,55,21,100776
42,21,100605,54,21,100777
42,21,100599,55,21,100779
42,21,100601,54,21,100776
42,21,100601,54,21,100777
42,21,100599,54,21,100768
42,21,100598,54,21,100770
42,21,100601,54,21,100777
42,21,100594,54,21,100777
42,21,100604,54,21,100781
43,21,100599,54,21,100773
42,21,100597,54,21,100761
42,21,100600,55,21,100771
42,21,100598,54,21,100765
43,21,100595,54,21,100777
42,21,100591,54,21,100766
42,21,100602,54,21,100772
42,21,100602,55,21,100775
43,21,100598,54,21,100767
43,21,100604,54,21,100777
43,21,100605,54,21,100778
42,21,100602,54,21,100785
42,21,100607,54,21,100785
42,21,100620,54,21,100780
42,21,100612,54,21,100791
42,21,100617,54,21,100792
42,21,100612,55,21,100796
42,21,100612,54,21,100792
42,21,100627,54,21,100796
42,21,100614,54,21,100790
42,21,100626,54,21,100797
42,21,100625,55,21,100792
42,21,100621,54,21,100797
42,21,100628,54,21,100807
42,21,100628,54,21,100785
42,21,100621,55,21,100791
42,21,100617,54,21,100792
42,21,100614,54,21,100782
42,21,100614,55,21,100794
42,21,100614,54,21,100788
43,21,100619,54,21,100786
42,21,100608,54,21,100788
42,21,100606,55,21,100782
42,21,100601,54,21,100785
42,21,100606,54,21,100784
42,21,100598,54,21,100770
42,21,100597,54,21,100779
42,21,100587,54,21,100771
42,21,100605,54,21,100769
43,21,100599,54,21,100771
42,21,100595,55,21,100775
42,21,100597,54,21,100772
42,21,100591,54,21,100774
42,21,100595,55,21,100777
42,21,100588,55,21,100759
42,21,100589,55,21,100754
42,21,100579,54,21,100753
42,21,100589,54,21,100755
42,21,100587,54,21,100770
42,21,100579,54,21,100763
42,21,100592,54,21,100766
42,21,100575,55,21,100761
42,21,100572,55,21,100758
42,21,100570,55,21,100751
42,21,100578,54,21,100759
42,21,100577,54,21,100755
42,21,100576,54,21,100753
42,21,100575,54,21,100752
42,21,100575,55,21,100754
42,21,100575,54,22,100748
42,21,100582,54,22,100754
42,21,100578,54,22,100755
43,21,100562,54,22,100748
42,21,100572,54,22,100752
42,21,100563,55,22,100752
42,21,100567,55,22,100745
42,21,100573,54,22,100747
42,21,100570,54,22,100744
42,21,100573,55,22,100745
42,21,100579,55,22,100746
42,21,100569,54,22,100748
42,21,100562,54,22,100738
42,21,100559,54,22,100738
42,21,100556,54,22,100736
42,21,100563,54,22,100729
42,21,100556,55,22,100723
42,21,100553,54,22,100727
42,21,100552,54,22,100727
42,21,100549,54,22,100731
42,21,100551,55,22,100726
42,21,100549,54,22,100729
42,21,100554,54,22,100731
42,21,100543,55,22,100722
42,21,100544,55,22,100719
42,21,100550,55,22,100721
42,21,100551,54,22,100723
42,21,100544,54,22,100719
42,21,100545,55,22,100721
42,21,100549,54,22,100715
42,21,100539,54,22,100717
42,21,100535,54,22,100712
42,21,100533,54,22,100714
42,21,100532,54,22,100721
42,22,100528,54,22,100722
42,22,100530,54,22,100713
42,22,100527,54,22,100706
42,22,100529,54,22,100711
42,22,100526,54,22,100695
42,22,100523,54,22,100701
42,22,100527,55,22,100707
42,22,100528,54,22,100702
42,22,100527,55,22,100695
42,22,100533,54,22,100699
42,22,100521,55,22,100692
42,22,100523,54,22,100700
42,22,100524,54,22,100699
42,22,100523,54,22,100700
42,22,100520,54,22,100707
42,22,100522,55,22,100704
42,22,100524,55,23,100701
42,22,100528,54,23,100699
42,22,100527,54,23,100696
42,22,100520,54,23,100698
42,22,100515,54,23,100692
42,22,100516,55,23,100698
42,22,100518,54,23,100696
42,22,100518,55,23,100691
42,22,100512,55,23,100694
42,22,100519,55,23,100692
42,22,100519,55,23,100680
42,22,100507,54,23,100678
42,22,100512,55,23,100684
42,22,100497,54,23,100678
42,22,100494,54,23,100657
42,22,100492,55,23,100663
42,22,100495,54,23,100662
42,22,100493,54,23,100666
42,22,100497,54,23,100679
42,22,100497,54,23,100670
42,22,100494,54,23,100667
43,22,100492,54,23,100664
43,22,100485,55,23,100660
42,22,100491,55,23,100656
42,22,100493,55,23,100657
42,22,100488,55,23,100656
42,22,100490,54,23,100652
42,22,100490,55,23,100650
42,22,100482,54,23,100648
42,22,100484,54,23,100653
42,22,100479,54,23,100645
42,22,100482,54,23,100649
42,22,100483,55,23,100650
42,22,100484,54,23,100651
42,22,100477,54,23,100647
42,22,100477,55,23,100641
42,22,100469,54,23,100644
42,22,100470,54,23,100639
42,22,100463,55,23,100643
42,22,100462,54,23,100646
42,22,100459,54,23,100641
42,22,100462,54,23,100639
42,22,100458,54,23,100634
42,22,100449,55,23,100634
42,22,100450,54,23,100636
42,22,100445,55,23,100637
42,22,100445,55,23,100629
42,22,100451,54,23,100629
42,22,100440,55,23,100632
42,22,100445,55,23,100615
42,22,100434,54,23,100610
42,22,100433,54,23,100612
42,22,100433,54,23,100610
42,22,100426,54,24,100618
42,22,100439,54,24,100626
42,22,100437,54,24,100614
42,22,100437,54,24,100616
42,22,100433,54,24,100608
42,22,100434,54,24,100613
42,22,100438,54,24,100611
42,22,100428,54,24,100616
42,22,100433,55,24,100610
42,22,100428,54,24,100609
42,22,100434,54,24,100615
42,22,100440,54,24,100615
42,22,100432,54,23,100612
42,22,100436,55,24,100618
42,22,100438,54,23,100609
42,22,100435,55,23,100606
42,22,100427,55,23,100612
42,22,100435,54,23,100616
42,22,100425,55,23,100609
42,22,100423,55,23,100601
42,22,100422,55,23,100603
42,22,100412,54,23,100592
42,22,100415,54,23,100593
42,22,100415,54,23,100588
42,22,100419,54,23,100590
42,22,100415,54,23,100588
42,22,100414,54,23,100592
42,22,100410,54,23,100583
42,22,100410,55,23,100583
42,22,100405,54,23,100578
42,22,100402,55,23,100579
42,22,100406,55,23,100587
42,22,100396,54,23,100574
43,22,100388,54,23,100570
42,22,100389,54,23,100575
42,22,100382,55,23,100565
42,22,100383,54,23,100563
42,22,100376,54,23,100564
42,22,100381,54,24,100561
42,22,100376,54,24,100555
42,22,100374,54,24,100551
43,22,100371,54,24,100555
42,22,100367,54,24,100555
42,22,100374,55,24,100548
42,22,100367,54,24,100553
42,23,100367,55,24,100557
43,23,100370,55,24,100550
42,23,100368,54,24,100552
42,23,100370,54,24,100546
42,23,100363,55,24,100544
42,23,100367,55,24,100541
42,23,100362,54,24,100538
42,23,100363,54,24,100537
42,23,100361,54,24,100540
42,23,100362,55,24,100537
42,23,100364,55,24,100532
43,23,100350,55,24,100535
42,23,100349,54,24,100540
42,23,100354,54,24,100533
42,23,100346,54,24,100529
42,23,100343,55,24,100531
43,23,100345,54,24,100525
42,23,100349,54,24,100532
42,23,100347,54,23,100524
42,23,100342,54,24,100520
42,23,100346,54,23,100519
42,23,100337,55,23,100524
42,23,100344,54,23,100517
42,23,100346,55,23,100514
42,23,100337,54,23,100506
42,23,100336,55,23,100507
42,23,100325,55,23,100514
42,23,100318,55,23,100509
42,23,100333,55,23,100506
42,23,100325,55,23,100499
42,23,100318,55,23,100503
42,23,100318,55,23,100500
42,23,100320,55,23,100494
42,23,100316,54,23,100502
42,23,100316,55,23,100492
42,23,100315,55,24,100496
42,23,100313,54,24,100488
41,22,100570,57,23,100748
41,22,100574,57,23,100748
41,22,100575,57,23,100746
42,22,100566,57,23,100746
41,22,100576,57,23,100746
42,22,100573,57,23,100746
43,22,100551,58,24,170006
42,22,100552,58,24,173637
41,22,100548,100,24,60993
41,22,100542,100,24,60993
41,22,100544,100,24,60993
42,22,100536,100,24,60993
41,22,100542,100,24,60993
41,22,100544,100,24,60993
41,23,100536,57,24,100730
39,23,100541,57,24,100728
39,23,100527,57,24,100717
39,23,100531,57,24,100715
39,23,100528,57,24,100709
39,23,100519,57,24,100713
39,23,100522,56,25,100705
38,23,100519,56,25,100710
39,23,100519,56,25,100710
39,23,100516,57,25,100717
39,23,100524,57,25,100702
39,23,100518,56,25,100699
39,23,100514,57,25,100699
39,23,100508,57,25,100698
40,23,100512,57,25,100698
39,23,100508,57,25,100701
39,23,100510,57,25,100700
39,23,100508,57,25,100696
39,23,100515,57,25,100703
40,23,100512,57,25,100706
39,23,100515,57,25,100703
39,23,100519,58,25,100703
39,23,100508,57,25,100700
39,23,100507,57,25,100697
40,23,100504,57,25,100689
39,23,100504,57,25,100687
39,23,100494,57,25,100685
39,23,100492,57,25,100682
39,23,100494,57,25,100678
39,23,100486,58,25,100673
39,23,100489,57,25,100673
39,23,100488,57,25,100675
39,23,100477,57,25,100683
39,23,100477,57,25,100670
39,23,100484,57,25,100662
39,23,100481,56,25,100665
39,23,100474,57,25,100672
39,23,100467,57,25,100663
39,23,100476,56,25,100666
39,23,100477,57,25,100662
39,23,100474,57,25,100657
39,23,100468,57,25,100660
39,23,100466,57,25,100655
39,23,100464,57,25,100649
39,23,100461,57,25,100647
39,23,100455,57,25,100642
39,23,100447,56,25,100643
39,23,100444,57,25,100640
39,23,100446,56,25,100641
39,23,100446,57,25,100633
40,23,100445,57,25,100632
39,23,100446,57,25,100630
40,23,100444,57,25,100634
39,23,100451,57,25,100642
40,23,100447,57,25,100625
39,23,100447,57,25,100641
39,23,100445,57,25,100637
40,23,100443,56,25,100632
39,23,100435,57,25,100626
39,23,100433,57,25,100625
39,23,100429,57,25,100632
40,23,100437,56,25,100620
39,23,100428,57,25,100612
39,23,100429,56,25,100618
40,23,100432,57,25,100618
40,23,100436,57,24,100621
40,23,100431,56,24,100614
39,23,100426,57,24,100614
39,23,100424,57,24,100617
40,23,100422,56,24,100607
39,23,100423,57,24,100607
40,23,100419,56,24,100606
39,23,100418,56,24,100609
39,23,100410,56,24,100607
39,23,100411,58,24,100609
40,23,100413,57,24,100594
40,23,100403,56,24,100598
39,23,100406,56,24,100589
39,23,100403,57,24,100594
39,23,100397,57,24,100589
39,23,100402,57,24,100590
38,23,100390,57,24,100588
39,23,100392,56,24,100582
40,23,100389,57,24,100569
39,24,100394,56,24,100574
40,24,100379,56,24,100562
39,24,100377,57,24,100562
39,24,100371,57,24,100553
40,24,100370,56,24,100558
39,24,100370,57,24,100553
39,24,100363,56,24,100554
40,24,100369,57,24,100552
39,24,100364,56,24,100548
39,24,100365,57,24,100549
39,24,100358,56,24,100547
39,24,100358,56,24,100545
39,24,100356,57,24,100544
39,24,100359,57,24,100543
39,24,100355,56,24,100551
39,24,100359,57,24,100541
39,24,100359,56,24,100539
39,24,100356,58,24,100549
40,24,100356,58,24,100547
39,24,100350,56,24,100545
39,24,100349,57,24,100542
39,24,100364,56,24,100536
40,24,100345,57,24,100530
39,24,100351,56,24,100538
39,24,100346,56,24,100533
39,24,100349,56,24,100536
40,24,100346,56,24,100525
38,24,100346,56,24,100531
39,24,100345,56,24,100528
39,24,100341,57,24,100518
39,24,100342,56,24,100519
39,24,100334,56,24,100531
39,24,100345,56,24,100525
39,24,100337,56,24,100523
39,24,100345,57,24,100522
39,24,100343,57,24,100515
39,24,100343,57,24,100519
39,24,100337,57,24,100520
40,24,100340,57,24,100524
39,24,100334,57,24,100524
39,24,100335,56,24,100526
40,24,100337,56,24,100518
39,24,100321,57,24,100519
39,24,100325,57,24,100515
39,24,100339,56,24,100521
40,24,100334,57,24,100514
40,24,100338,57,24,100520
39,24,100326,57,24,100520
39,24,100331,56,24,100512
39,24,100325,57,24,100509
39,24,100314,56,24,100502
39,24,100316,56,24,100511
39,24,100312,56,24,100511
39,24,100322,57,24,100509
40,24,100313,57,24,100499
39,24,100307,56,24,100495
39,24,100312,56,24,100499
39,24,100307,57,24,100505
39,24,100309,56,24,100503
39,24,100298,56,24,100500
39,24,100308,57,24,100500
39,24,100306,56,24,100498
39,24,100304,57,24,100502
39,24,100304,57,24,100498
40,24,100308,57,24,100500
39,24,100296,57,24,100494
39,24,100297,57,24,100497
40,24,100300,56,24,100488
39,24,100299,56,24,100488
40,24,100292,57,24,100492
40,24,100292,57,24,100487
39,24,100298,57,24,100485
39,24,100295,57,24,100482
40,24,100290,57,24,100485
40,24,100291,57,24,100484
39,24,100288,56,24,100484
39,24,100279,56,24,100477
40,24,100278,56,24,100474
38,24,100273,57,24,100478
39,24,100281,57,24,100472
39,24,100282,57,24,100474
39,24,100281,57,24,100471
38,24,100288,56,24,100483
39,24,100284,56,24,100476
40,24,100272,56,24,100477
39,24,100283,56,24,100477
39,24,100292,57,24,100474
39,24,100274,57,24,100477
39,24,100286,57,24,100468
39,24,100284,57,24,100472
40,24,100281,57,24,100465
40,24,100276,57,24,100464
39,24,100270,57,24,100471
39,24,100278,56,24,100468
39,24,100287,56,24,100475
39,24,100287,57,24,100471
39,24,100286,56,24,100473
39,24,100278,56,24,100475
39,24,100278,56,24,100475
39,24,100278,56,24,100475
39,24,100278,56,24,100475
39,24,100278,56,24,100475
39,24,100278,56,24,100475
39,24,100278,56,24,100475
39,24,100278,56,24,100475
39,24,100278,56,24,100475
39,24,100278,56,24,100475
39,24,100278,56,24,100475
39,24,100278,56,24,100475
39,24,100278,56,24,100475
39,24,100278,56,24,100475
39,24,100278,56,24,100475
39,24,100278,56,24,100475
39,24,100278,56,24,100475
39,24,100278,56,24,100475
39,24,100278,56,24,100475
39,24,100278,56,24,100475
39,24,100278,56,24,100475
39,24,100278,56,24,100475
39,24,100278,56,24,100475
39,24,100278,56,24,100475
39,24,100278,56,24,100475
39,24,100278,56,24,100475
39,24,100278,56,24,100475
39,24,100278,56,24,100475
39,24,100278,56,24,100475
39,24,100278,56,24,100475
39,24,100278,56,24,100475
39,24,100278,56,24,100475
39,24,100278,56,24,100475
39,24,100278,56,24,100475
39,24,100278,56,24,100475
39,24,100278,56,24,100475
39,24,100278,56,24,100475
39,24,100278,56,24,100475
39,24,100278,56,24,100475
39,24,100278,56,24,100475
39,24,100278,56,24,100475
39,24,100278,56,24,100475
39,24,100278,56,24,100475
39,24,100278,56,24,100475
39,24,100278,56,24,100475
39,24,100278,56,24,100475
39,24,100278,56,24,100475
39,24,100278,56,24,100475
39,24,100278,56,24,100475
39,24,100278,56,24,100475
39,24,100278,56,24,100475
39,24,100278,56,24,100475
39,24,100278,56,24,100475
39,24,100278,56,24,100475
39,24,100278,56,24,100475
39,24,100278,56,24,100475
39,24,100278,56,24,100475
39,24,100278,56,24,100475
39,24,100278,56,24,100475
39,24,100278,56,24,100475
39,24,100278,56,24,100475
39,24,100278,56,24,100475
39,24,100278,56,24,100475
39,24,100278,56,24,100475
39,24,100278,56,24,100475
39,24,100278,56,24,100475
39,24,100278,56,24,100475
39,24,100278,56,24,100475
39,24,100278,56,24,100475
39,24,100278,56,24,100475
39,24,100278,56,24,100475
39,24,100278,56,24,100475
39,24,100278,56,24,100475
39,24,100278,56,24,100475
39,24,100278,56,24,100475
39,24,100278,56,24,100475
39,24,100278,56,24,100475
39,24,100278,56,24,100475
39,24,100278,56,24,100475
39,24,100278,56,24,100475
39,24,100278,56,24,100475
39,24,100278,56,24,100475
39,24,100278,56,24,100475
39,24,100278,56,24,100475
39,24,100278,56,24,100475
39,24,100278,56,24,100475
39,24,100278,56,24,100475
39,24,100278,56,24,100475
39,24,100278,56,24,100475
39,24,100278,56,24,100475
39,24,100278,56,24,100475
39,24,100278,56,24,100475
39,24,100278,56,24,100475
39,24,100278,56,24,100475
39,24,100278,56,24,100475
39,24,100278,56,24,100475
39,24,100278,56,24,100475
39,24,100278,56,24,100475
39,24,100278,56,24,100475
39,24,100278,56,24,100475
39,24,100278,56,24,100475
39,24,100278,56,24,100475
39,24,100278,56,24,100475
39,24,100278,56,24,100475
39,24,100278,56,24,100475
39,24,100278,56,24,100475
39,24,100278,56,24,100475
39,24,100278,56,24,100475
39,24,100278,56,24,100475
39,24,100278,56,24,100475
39,24,100278,56,24,100475
39,24,100278,56,24,100475
39,24,100278,56,24,100475
39,24,100278,56,24,100475
39,24,100278,56,24,100475
39,24,100278,56,24,100475
39,24,100278,56,24,100475
39,24,100278,56,24,100475
39,24,100278,56,24,100475
39,24,100278,56,24,100475
39,24,100278,56,24,100475
39,24,100278,56,24,100475
39,24,100278,56,24,100475
39,24,100278,56,24,100475
39,24,100278,56,24,100475
39,24,100278,56,24,100475
39,24,100278,56,24,100475
39,24,100278,56,24,100475
39,24,100278,56,24,100475
39,24,100278,56,24,100475
39,24,100278,56,24,100475
39,24,100278,56,24,100475
39,24,100278,56,24,100475
39,24,100278,56,24,100475
39,24,100278,56,24,100475
39,24,100278,56,24,100475
39,24,100278,56,24,100475
39,24,100278,56,24,100475
39,24,100278,56,24,100475
39,24,100278,56,24,100475
39,24,100278,56,24,100475
39,24,100278,56,24,100475
39,24,100278,56,24,100475
39,24,100278,56,24,100475
39,24,100278,56,24,100475
39,24,100278,56,24,100475
39,24,100278,56,24,100475
39,24,100278,56,24,100475
39,24,100278,56,24,100475
39,24,100278,56,24,100475
39,24,100278,56,24,100475
39,24,100278,56,24,100475
39,24,100278,56,24,100475
39,24,100278,56,24,100475
39,24,100278,56,24,100475
39,24,100278,56,24,100475
39,24,100278,56,24,100475
39,24,100278,56,24,100475
39,24,100278,56,24,100475
39,24,100278,56,24,100475
39,24,100278,56,24,100475
39,24,100278,56,24,100475
39,24,100278,56,24,100475
39,24,100278,56,24,100475
39,24,100278,56,24,100475
39,24,100278,56,24,100475
39,24,100278,56,24,100475
39,24,100278,56,24,100475
39,24,100278,56,24,100475
39,24,100278,56,24,100475
39,24,100278,56,24,100475
39,24,100278,56,24,100475
39,24,100278,56,24,100475
39,24,100278,56,24,100475
39,24,100278,56,24,100475
39,24,100278,56,24,100475
39,24,100278,56,24,100475
39,24,100278,56,24,100475
39,24,100278,56,24,100475
39,24,100278,56,24,100475
39,24,100278,56,24,100475
39,24,100278,56,24,100475
39,24,100278,56,24,100475
39,24,100278,56,24,100475
39,24,100278,56,24,100475
39,24,100278,56,24,100475
39,24,100278,56,24,100475
39,24,100278,56,24,100475
39,24,100278,56,24,100475
39,24,100278,56,24,100475
39,24,100278,56,24,100475
39,24,100278,56,24,100475
39,24,100278,56,24,100475
39,24,100278,56,24,100475
39,24,100278,56,24,100475
39,24,100278,56,24,100475
39,24,100278,56,24,100475
39,24,100278,56,24,100475
39,24,100278,56,24,100475
39,24,100278,56,24,100475
39,24,100278,56,24,100475
39,24,100278,56,24,100475
39,24,100278,56,24,100475
39,24,100278,56,24,100475
39,24,100278,56,24,100475
39,24,100278,56,24,100475
39,24,100278,56,24,100475
39,24,100278,56,24,100475
39,23,100433,56,23,100622
39,23,100438,56,23,100629
39,23,100441,56,23,100636
39,23,100441,56,23,100628
38,23,100444,56,23,100631
39,23,100439,56,23,100627
38,23,100445,56,23,100632
39,23,100448,56,23,100634
38,23,100444,56,23,100631
39,23,100447,56,23,100637
39,23,100452,57,23,100647
38,23,100442,56,23,100639
39,23,100447,56,23,100648
38,23,100456,57,23,100646
39,23,100451,56,23,100640
39,23,100464,57,23,100652
39,23,100470,56,23,100658
39,23,100468,56,23,100669
39,23,100475,56,23,100673
39,23,100476,56,23,100674
38,23,100473,57,23,100672
39,23,100473,56,23,100666
38,23,100482,56,23,100678
39,23,100487,57,23,100687
39,23,100485,56,23,100672
39,23,100478,56,23,100668
39,23,100492,56,23,100676
39,23,100493,57,23,100687
38,23,100497,56,23,100694
38,23,100499,56,23,100691
39,23,100488,56,23,100689
38,23,100500,57,23,100692
39,23,100503,56,23,100700
39,23,100506,56,23,100700
39,23,100508,56,23,100706
40,23,100501,57,23,100707
39,23,100503,56,23,100703
39,23,100526,57,23,100716
38,23,100522,56,23,100718
38,23,100526,56,23,100718
39,23,100530,56,23,100728
39,23,100525,56,23,100723
40,23,100527,56,23,100713
38,23,100531,56,23,100724
39,22,100692,57,22,100889
39,22,100698,56,22,100889
39,22,100692,56,22,100879
39,22,100699,56,22,100883
38,22,100698,57,22,100874
39,22,100693,56,22,100885
39,22,100693,56,22,100887
39,22,100692,56,22,100877
39,22,100702,56,22,100892
39,22,100705,56,22,100881
38,22,100701,56,22,100884
39,22,100695,57,22,100887
39,22,100704,56,22,100899
38,22,100700,56,22,100897
38,22,100709,56,22,100887
38,22,100710,56,22,100895
38,22,100717,56,22,100902
38,22,100709,56,22,100906
38,22,100711,55,22,100908
38,22,100712,56,22,100901
39,22,100720,55,22,100903
38,22,100716,55,22,100904
39,22,100713,56,22,100912
39,22,100717,55,22,100916
38,22,100722,55,22,100918
39,22,100723,56,22,100918
38,22,100728,56,22,100922
38,22,100722,55,22,100930
38,22,100726,55,22,100917
39,22,100717,56,22,100910
39,22,100720,56,22,100902
38,22,100717,55,22,100904
38,22,100725,57,22,100909
39,22,100717,55,22,100903
38,22,100713,56,22,100907
38,22,100715,56,22,100901
39,22,100719,56,22,100900
39,22,100722,55,22,100905
39,22,100716,56,22,100903
39,22,100716,56,22,100902
38,22,100718,56,22,100904
38,22,100717,56,22,100902
39,22,100715,56,22,100900
38,22,100713,55,22,100905
38,22,100708,56,22,100904
38,22,100712,56,22,100903
40,22,100707,56,22,100897
38,22,100709,55,22,100891
38,22,100707,56,22,100901
39,22,100707,56,22,100895
39,22,100707,55,22,100897
39,22,100700,55,22,100893
39,22,100713,55,22,100892
39,22,100705,55,22,100894
38,22,100708,56,22,100895
39,22,100709,56,22,100894
38,22,100708,56,22,100893
38,22,100707,54,22,100887
39,22,100702,56,22,100895
38,22,100702,54,22,100891
38,22,100701,55,22,100893
39,22,100693,54,22,100895
39,22,100694,55,22,100883
38,22,100692,54,22,100872
38,22,100690,54,22,100877
39,22,100694,55,22,100878
40,22,100699,55,22,100877
39,22,100689,55,22,100876
38,22,100696,55,22,100885
38,22,100698,55,22,100878
38,22,100686,54,22,100868
38,22,100683,55,22,100881
39,22,100688,54,22,100870
39,22,100691,55,22,100873
38,22,100688,55,22,100871
38,22,100693,55,22,100878
38,22,100692,54,22,100888
38,22,100700,55,22,100887
38,22,100696,55,22,100890
39,22,100698,54,22,100874
39,21,100636,55,22,100819
38,21,100642,54,22,100815
38,21,100629,54,22,100817
38,21,100630,55,22,100822
38,21,100636,54,22,100814
38,21,100637,55,22,100811
38,21,100633,55,22,100810
39,21,100624,55,22,100806
39,21,100625,55,22,100803
38,21,100626,55,22,100803
39,21,100630,54,22,100807
39,21,100623,54,22,100803
38,21,100618,55,22,100801
39,21,100621,55,22,100804
38,21,100625,54,22,100809
38,21,100623,55,22,100798
38,21,100626,54,22,100806
39,21,100612,54,22,100797
39,21,100607,55,22,100797
38,21,100612,55,22,100792
38,21,100605,54,22,100793
39,21,100608,55,22,100794
38,21,100603,54,22,100786
38,21,100606,55,22,100785
38,21,100598,55,22,100786
39,21,100607,55,22,100786
38,21,100604,55,22,100786
38,21,100603,55,22,100789
38,21,100589,55,22,100782
39,21,100597,55,22,100782
38,21,100592,55,22,100776
39,21,100591,55,22,100770
38,21,100593,55,22,100771
39,21,100594,55,22,100774
38,21,100590,54,22,100769
38,21,100592,54,22,100771
38,21,100590,55,22,100769
38,21,100587,55,22,100776
38,21,100583,55,22,100765
39,21,100586,55,22,100758
38,21,100579,55,22,100765
38,21,100579,54,22,100763
38,21,100581,54,22,100765
38,21,100576,54,22,100770
38,21,100590,55,22,100765
38,21,100583,55,22,100767
38,21,100578,54,22,100764
38,21,100582,55,22,100770
38,21,100581,54,22,100780
38,21,100587,54,22,100780
38,21,100588,55,22,100776
38,21,100589,54,22,100762
38,21,100590,55,22,100767
39,21,100576,54,22,100767
38,21,100581,55,22,100772
38,21,100578,54,22,100771
39,21,100586,54,22,100768
38,21,100582,54,22,100767
39,21,100576,55,22,100761
39,21,100576,55,22,100760
39,21,100573,55,22,100755
38,21,100571,54,22,100750
38,21,100560,55,22,100753
38,21,100564,55,22,100745
38,21,100561,55,22,100749
38,21,100560,54,22,100752
38,21,100566,55,22,100757
38,21,100570,54,21,100750
38,21,100562,54,22,100755
39,21,100570,55,21,100763
39,21,100570,55,21,100761
39,21,100574,55,21,100756
38,21,100573,55,21,100756
39,21,100570,54,21,100755
39,21,100573,54,21,100761
39,21,100570,54,21,100759
38,21,100568,54,21,100756
39,21,100568,55,21,100759
38,21,100570,55,21,100756
39,21,100564,54,21,100750
38,21,100565,54,21,100754
38,21,100567,54,21,100750
38,21,100566,55,21,100747
38,21,100562,54,21,100746
39,21,100562,54,21,100751
39,21,100555,54,21,100742
39,21,100545,55,21,100741
38,21,100553,54,21,100731
38,21,100538,54,21,100732
38,21,100545,55,21,100735
38,21,100538,54,21,100732
39,21,100541,54,21,100734
39,21,100540,54,21,100729
39,21,100534,55,21,100732
39,21,100539,54,21,100735
39,21,100546,54,21,100729
38,21,100544,54,21,100731
39,21,100541,55,21,100720
39,21,100535,54,21,100725
38,21,100544,55,21,100723
39,21,100535,55,21,100720
39,21,100532,55,21,100723
39,21,100547,55,21,100731
38,21,100540,55,21,100731
39,21,100543,55,21,100723
39,21,100535,55,21,100720
39,21,100538,54,21,100722
38,21,100536,54,21,100719
38,21,100539,55,21,100723
38,21,100540,55,21,100733
39,21,100530,54,21,100718
39,21,100531,55,21,100716
40,21,100528,54,21,100724
38,21,100527,55,21,100725
39,21,100534,54,21,100723
38,21,100536,55,21,100714
39,21,100535,55,21,100709
38,21,100535,54,21,100715
38,21,100528,55,21,100711
39,21,100535,55,21,100718
38,21,100533,54,21,100724
39,21,100533,54,21,100727
39,21,100545,55,21,100729
39,21,100540,55,21,100721
38,21,100531,55,21,100723
38,21,100536,55,21,100723
39,21,100536,54,21,100727
38,21,100534,54,21,100724
38,21,100534,55,21,100727
39,21,100538,55,21,100727
38,21,100533,54,21,100721
39,21,100537,55,21,100731
38,21,100532,55,21,100727
39,21,100534,55,21,100721
38,21,100535,55,21,100712
38,21,100529,55,21,100719
38,21,100520,55,21,100713
38,21,100520,55,21,100717
38,21,100531,55,21,100716
38,21,100519,55,21,100717
39,21,100525,54,21,100715
38,21,100520,54,21,100712
39,21,100516,54,21,100706
39,21,100520,55,21,100713
38,21,100518,55,21,100705
38,21,100517,55,21,100714
38,21,100515,55,21,100713
39,21,100529,54,21,100721
39,21,100523,55,21,100721
40,21,100531,54,21,100716
38,21,100526,55,21,100710
38,21,100537,54,21,100718
38,21,100536,54,21,100716
39,21,100527,55,21,100716
39,21,100536,54,21,100728
39,21,100538,54,21,100726
38,21,100536,55,21,100726
38,21,100543,55,21,100735
38,21,100540,54,21,100738
38,21,100551,54,21,100746
39,21,100556,55,21,100742
38,21,100552,54,21,100741
39,21,100548,55,21,100744
38,21,100553,55,21,100741
39,21,100556,54,21,100745
39,21,100555,54,21,100749
39,21,100556,54,21,100745
38,21,100555,55,21,100742
38,21,100561,54,21,100747
38,21,100560,55,21,100750
38,21,100561,54,21,100751
39,21,100554,55,21,100745
39,21,100556,54,21,100743
39,21,100556,54,21,100743
38,21,100549,55,21,100741
39,21,100558,55,21,100746
38,21,100562,54,21,100754
38,21,100562,54,21,100752
39,21,100556,55,21,100746
39,21,100562,55,21,100750
39,21,100570,55,21,100756
38,21,100566,55,21,100753
38,21,100565,55,21,100756
38,21,100567,55,21,100754
38,21,100570,54,21,100757
40,21,100570,54,21,100771
38,21,100571,54,21,100750
39,21,100570,54,21,100752
38,21,100572,54,21,100748
38,21,100566,54,21,100751
39,21,100569,54,21,100755
39,21,100564,54,21,100755
38,21,100570,55,21,100760
39,21,100579,54,21,100757
38,21,100569,54,21,100756
38,21,100571,55,21,100751
38,21,100574,55,21,100766
39,21,100574,55,21,100759
38,21,100576,54,21,100761
38,21,100576,55,21,100759
38,21,100591,54,21,100770
38,21,100593,54,21,100771
39,21,100590,55,21,100781
38,21,100590,54,21,100780
39,21,100592,55,21,100785
38,21,100595,54,21,100784
38,21,100600,55,21,100782
38,21,100596,55,21,100784
39,21,100597,54,21,100793
38,21,100615,54,21,100788
40,21,100604,54,21,100789
38,21,100608,55,21,100795
38,21,100614,54,21,100796
38,21,100603,54,21,100795
38,21,100608,54,21,100795
38,21,100607,54,21,100795
38,21,100606,54,21,100795
38,21,100601,54,21,100796
38,21,100603,54,21,100794
38,21,100603,55,21,100788
39,21,100610,54,21,100787
38,21,100598,55,21,100786
38,21,100596,54,21,100787
38,21,100595,54,21,100791
38,21,100597,54,21,100788
38,21,100600,54,21,100783
38,21,100597,54,21,100789
38,21,100601,55,21,100783
38,21,100609,54,21,100792
38,21,100611,54,21,100794
38,21,100606,54,21,100790
39,21,100615,54,21,100797
39,21,100617,55,21,100797
38,21,100612,54,21,100800
38,21,100619,54,21,100801
39,21,100614,54,21,100797
40,21,100618,54,21,100800
38,21,100613,54,21,100798
39,21,100615,55,21,100800
39,21,100620,54,21,100795
38,21,100616,54,21,100796
38,21,100615,54,21,100795
39,21,100615,54,21,100801
38,21,100618,55,21,100799
38,21,100607,54,21,100788
38,21,100599,54,21,100783
38,21,100601,55,21,100787
38,21,100602,54,21,100789
38,21,100604,54,21,100789
38,21,100608,55,21,100788
38,21,100608,54,21,100794
39,21,100604,54,21,100789
38,21,100607,54,21,100793
39,21,100610,54,21,100780
38,21,100606,54,21,100796
40,21,100612,54,21,100792
38,21,100604,54,21,100788
39,21,100605,55,21,100793
39,21,100602,54,21,100794
39,21,100610,54,21,100788
39,21,100603,54,21,100794
39,21,100613,54,21,100792
39,21,100605,54,21,100789
39,21,100610,54,21,100795
39,21,100610,54,21,100798
39,21,100608,54,21,100793
38,21,100612,54,21,100796
39,21,100615,55,21,100796
38,21,100607,54,21,100801
39,21,100606,54,21,100797
38,21,100621,54,21,100794
38,21,100622,54,21,100797
39,21,100627,54,21,100804
39,21,100631,54,21,100810
38,21,100629,54,21,100813
38,21,100635,54,21,100818
39,21,100644,54,21,100822
38,21,100641,54,21,100827
39,21,100647,54,21,100825
38,21,100650,54,21,100844
38,21,100650,54,21,100844
38,21,100664,54,21,100843
39,21,100658,54,21,100838
38,21,100657,54,21,100848
39,21,100658,55,21,100838
39,21,100664,54,21,100844
38,21,100660,54,21,100851
39,21,100657,54,21,100844
38,21,100668,54,21,100857
39,21,100660,54,21,100847
39,21,100664,54,21,100854
39,21,100660,54,21,100860
38,21,100668,54,21,100852
38,21,100663,54,21,100849
38,21,100665,55,21,100851
39,21,100660,54,21,100851
38,21,100664,54,21,100850
38,21,100651,55,21,100837
38,21,100661,54,21,100854
38,21,100653,54,21,100844
39,21,100655,54,21,100845
38,21,100652,54,21,100849
39,21,100665,54,21,100848
38,21,100663,54,21,100847
38,21,100669,54,21,100851
38,21,100660,55,21,100860
39,21,100666,54,21,100851
38,21,100672,55,21,100857
38,21,100672,54,21,100857
38,21,100673,54,21,100853
39,21,100674,55,21,100860
38,21,100674,54,21,100847
38,21,100672,54,21,100859
38,21,100660,54,21,100849
38,21,100667,55,21,100852
38,21,100666,54,21,100849
38,21,100662,55,21,100862
38,21,100674,54,21,100852
39,21,100661,54,21,100857
38,21,100663,55,21,100855
38,21,100670,54,21,100848
38,21,100669,54,21,100857
38,21,100673,55,21,100865
39,21,100663,54,21,100856
38,21,100677,54,21,100860
38,21,100677,54,21,100858
38,21,100678,54,21,100855
39,21,100675,54,21,100865
38,21,100676,54,22,100863
38,21,100676,55,22,100861
39,21,100684,54,22,100864
38,21,100674,55,22,100868
38,21,100681,54,22,100876
38,21,100684,55,22,100873
38,21,100687,54,22,100878
39,21,100699,54,22,100880
38,21,100693,55,22,100880
38,21,100698,54,22,100881
38,21,100694,54,22,100887
38,21,100695,55,22,100887
38,21,100692,54,22,100885
38,21,100698,54,22,100890
38,21,100697,54,22,100886
38,21,100696,54,22,100884
38,21,100698,54,22,100887
38,21,100701,55,22,100888
38,21,100709,54,22,100892
38,21,100710,54,22,100884
38,21,100704,54,22,100889
38,21,100707,54,22,100886
38,21,100704,54,22,100894
38,21,100709,54,22,100888
38,21,100710,54,22,100895
39,21,100706,54,22,100893
38,21,100708,54,22,100900
38,21,100717,54,22,100898
38,21,100714,54,22,100896
38,21,100717,54,22,100901
38,21,100711,54,22,100901
38,21,100712,54,22,100901
38,21,100709,54,22,100892
38,22,100715,54,22,100898
38,22,100711,54,22,100893
38,22,100706,55,22,100893
39,22,100713,54,22,100899
38,22,100714,55,22,100900
38,22,100706,54,22,100897
38,22,100713,55,22,100893
38,22,100710,54,22,100887
38,22,100709,54,22,100894
38,22,100704,54,22,100893
38,22,100703,54,22,100889
38,22,100702,54,22,100882
38,22,100697,54,22,100880
38,22,100694,55,22,100881
38,22,100691,54,22,100875
38,22,100690,54,22,100879
38,22,100695,54,22,100875
38,22,100687,54,22,100885
39,22,100702,54,22,100889
38,22,100690,54,22,100883
38,22,100699,54,22,100885
38,22,100695,54,22,100883
38,22,100693,54,22,100876
38,22,100688,54,22,100874
38,22,100688,54,22,100881
38,22,100690,54,22,100873
38,22,100691,54,22,100871
38,22,100693,54,22,100872
38,22,100683,54,22,100875
38,22,100691,54,22,100870
38,22,100677,54,22,100877
39,22,100682,54,22,100871
39,22,100685,54,22,100874
39,22,100685,54,22,100870
38,22,100684,55,22,100871
38,22,100688,54,22,100868
38,22,100687,54,22,100871
38,22,100694,54,22,100874
38,22,100685,54,22,100869
39,22,100684,54,22,100878
38,22,100689,54,22,100881
39,22,100688,54,22,100875
38,22,100686,55,22,100874
39,22,100685,54,22,100869
38,22,100685,54,22,100868
38,22,100681,54,22,100869
39,22,100682,54,22,100873
38,22,100684,54,22,100874
38,22,100682,54,22,100869
40,22,100674,55,22,100865
39,22,100684,54,22,100875
39,22,100679,54,22,100877
38,22,100676,54,22,100872
38,22,100683,54,22,100866
38,22,100685,54,22,100864
38,22,100682,54,22,100866
38,22,100677,54,22,100865
38,22,100675,54,22,100859
39,22,100675,54,22,100858
39,22,100681,54,22,100859
39,22,100679,54,22,100862
38,22,100669,54,22,100857
38,22,100677,54,22,100861
38,22,100673,54,22,100863
38,22,100674,54,22,100859
38,22,100671,55,22,100858
39,22,100672,54,23,100855
39,22,100661,54,23,100853
38,22,100673,54,23,100851
38,22,100673,54,23,100856
38,22,100667,54,23,100850
39,22,100661,54,23,100850
38,22,100662,54,23,100858
39,22,100658,54,23,100852
38,22,100661,54,23,100846
38,22,100655,54,23,100849
39,22,100663,54,23,100844
38,22,100661,54,23,100844
38,22,100661,54,23,100849
39,22,100664,54,23,100847
38,22,100662,54,23,100848
38,22,100655,54,23,100835
38,22,100648,54,23,100844
38,22,100651,55,23,100835
38,22,100642,54,23,100827
38,22,100646,54,23,100829
38,22,100640,54,23,100826
38,22,100640,54,23,100828
38,22,100638,54,23,100822
38,22,100636,54,23,100819
38,22,100641,54,23,100818
38,22,100632,54,23,100813
38,22,100628,55,24,100821
38,22,100635,54,24,100820
39,22,100627,54,24,100812
38,22,100624,54,24,100821
39,22,100620,54,24,100814
38,22,100620,54,24,100807
38,22,100616,55,24,100811
38,22,100621,54,24,100810
38,22,100617,54,24,100808
38,22,100617,54,24,100806
39,22,100611,54,24,100806
39,22,100611,54,24,100801
38,22,100599,54,24,100797
38,22,100605,54,24,100797
38,22,100603,54,24,100797
38,22,100592,55,24,100793
39,22,100601,54,24,100785
39,22,100592,54,24,100783
39,22,100591,54,24,100783
38,22,100589,55,24,100780
38,22,100598,54,24,100775
38,22,100593,54,24,100775
38,22,100590,54,24,100776
39,23,100597,55,24,100770
38,23,100596,54,24,100772
39,23,100595,54,24,100774
38,23,100592,54,24,100772
38,23,100589,54,24,100771
39,23,100592,54,24,100771
38,23,100602,54,24,100776
39,23,100588,54,24,100773
38,23,100581,54,24,100766
38,23,100587,55,24,100769
38,23,100587,54,24,100767
39,23,100579,54,24,100764
38,23,100576,54,24,100759
38,23,100588,55,24,100767
38,23,100583,55,24,100764
39,23,100579,54,24,100763
38,23,100562,55,24,100761
38,23,100564,54,24,100742
38,23,100571,55,24,100752
38,23,100560,55,24,100745
39,23,100559,54,24,100746
38,23,100554,55,24,100730
39,23,100555,54,24,100748
40,23,100559,54,24,100740
